id;type;reference;photo;photo_content_type;frequence
1;payment program Frozen;envisioneer frictionless;../fake-data/blob/hipster.png;image/png;20393
2;alarm;grid-enabled Account;../fake-data/blob/hipster.png;image/png;491
3;engineer;Coordinator Movies;../fake-data/blob/hipster.png;image/png;29601
4;back-end;Myanmar Customer Account;../fake-data/blob/hipster.png;image/png;83367
5;Cambridgeshire Concrete;Cotton synergy;../fake-data/blob/hipster.png;image/png;30642
6;Run invoice Plastic;quantifying Berkshire;../fake-data/blob/hipster.png;image/png;64850
7;Tuna Steel Baby;Forward Agent transmit;../fake-data/blob/hipster.png;image/png;28148
8;invoice;Global Manager;../fake-data/blob/hipster.png;image/png;62764
9;Shirt ROI Gourde;mobile;../fake-data/blob/hipster.png;image/png;30880
10;purple;Cheese deposit needs-based;../fake-data/blob/hipster.png;image/png;83194
